"","x"
"1","CSIRO-Mk3-6-0_rcp85_r10i1p1"
"2","CSIRO-Mk3-6-0_rcp45_r10i1p1"
"3","CSIRO-Mk3-6-0_rcp26_r10i1p1"
"4","CSIRO-Mk3-6-0_rcp85_r9i1p1"
"5","CSIRO-Mk3-6-0_rcp45_r9i1p1"
"6","CSIRO-Mk3-6-0_rcp26_r9i1p1"
"7","CSIRO-Mk3-6-0_rcp85_r8i1p1"
"8","CSIRO-Mk3-6-0_rcp45_r8i1p1"
"9","CSIRO-Mk3-6-0_rcp26_r8i1p1"
"10","CSIRO-Mk3-6-0_rcp85_r7i1p1"
"11","CSIRO-Mk3-6-0_rcp45_r7i1p1"
"12","CSIRO-Mk3-6-0_rcp26_r7i1p1"
"13","CSIRO-Mk3-6-0_rcp85_r6i1p1"
"14","CSIRO-Mk3-6-0_rcp45_r6i1p1"
"15","CSIRO-Mk3-6-0_rcp26_r6i1p1"
"16","CSIRO-Mk3-6-0_rcp85_r5i1p1"
"17","CSIRO-Mk3-6-0_rcp45_r5i1p1"
"18","CSIRO-Mk3-6-0_rcp26_r5i1p1"
"19","CanESM2_rcp85_r5i1p1"
"20","CanESM2_rcp45_r5i1p1"
"21","CanESM2_rcp26_r5i1p1"
"22","IPSL-CM5A-LR_rcp85_r4i1p1"
"23","IPSL-CM5A-LR_rcp45_r4i1p1"
"24","CSIRO-Mk3-6-0_rcp85_r4i1p1"
"25","CSIRO-Mk3-6-0_rcp45_r4i1p1"
"26","CSIRO-Mk3-6-0_rcp26_r4i1p1"
"27","CanESM2_rcp85_r4i1p1"
"28","CanESM2_rcp45_r4i1p1"
"29","CanESM2_rcp26_r4i1p1"
"30","MPI-ESM-MR_rcp45_r3i1p1"
"31","MPI-ESM-LR_rcp85_r3i1p1"
"32","MPI-ESM-LR_rcp45_r3i1p1"
"33","MPI-ESM-LR_rcp26_r3i1p1"
"34","MIROC5_rcp85_r3i1p1"
"35","MIROC5_rcp45_r3i1p1"
"36","MIROC5_rcp26_r3i1p1"
"37","IPSL-CM5A-LR_rcp85_r3i1p1"
"38","IPSL-CM5A-LR_rcp45_r3i1p1"
"39","IPSL-CM5A-LR_rcp26_r3i1p1"
"40","CSIRO-Mk3-6-0_rcp85_r3i1p1"
"41","CSIRO-Mk3-6-0_rcp45_r3i1p1"
"42","CSIRO-Mk3-6-0_rcp26_r3i1p1"
"43","CanESM2_rcp85_r3i1p1"
"44","CanESM2_rcp45_r3i1p1"
"45","CanESM2_rcp26_r3i1p1"
"46","MPI-ESM-MR_rcp45_r2i1p1"
"47","MPI-ESM-LR_rcp85_r2i1p1"
"48","MPI-ESM-LR_rcp45_r2i1p1"
"49","MPI-ESM-LR_rcp26_r2i1p1"
"50","MIROC5_rcp85_r2i1p1"
"51","MIROC5_rcp45_r2i1p1"
"52","MIROC5_rcp26_r2i1p1"
"53","IPSL-CM5A-LR_rcp85_r2i1p1"
"54","IPSL-CM5A-LR_rcp45_r2i1p1"
"55","IPSL-CM5A-LR_rcp26_r2i1p1"
"56","CSIRO-Mk3-6-0_rcp85_r2i1p1"
"57","CSIRO-Mk3-6-0_rcp45_r2i1p1"
"58","CSIRO-Mk3-6-0_rcp26_r2i1p1"
"59","CCSM4_rcp85_r2i1p1"
"60","CCSM4_rcp60_r2i1p1"
"61","CCSM4_rcp45_r2i1p1"
"62","CCSM4_rcp26_r2i1p1"
"63","CanESM2_rcp85_r2i1p1"
"64","CanESM2_rcp45_r2i1p1"
"65","CanESM2_rcp26_r2i1p1"
"66","NorESM1-M_rcp85_r1i1p1"
"67","NorESM1-M_rcp60_r1i1p1"
"68","NorESM1-M_rcp45_r1i1p1"
"69","NorESM1-M_rcp26_r1i1p1"
"70","MRI-CGCM3_rcp85_r1i1p1"
"71","MRI-CGCM3_rcp60_r1i1p1"
"72","MRI-CGCM3_rcp45_r1i1p1"
"73","MRI-CGCM3_rcp26_r1i1p1"
"74","MPI-ESM-MR_rcp85_r1i1p1"
"75","MPI-ESM-MR_rcp45_r1i1p1"
"76","MPI-ESM-MR_rcp26_r1i1p1"
"77","MPI-ESM-LR_rcp85_r1i1p1"
"78","MPI-ESM-LR_rcp45_r1i1p1"
"79","MPI-ESM-LR_rcp26_r1i1p1"
"80","MIROC5_rcp85_r1i1p1"
"81","MIROC5_rcp60_r1i1p1"
"82","MIROC5_rcp45_r1i1p1"
"83","MIROC5_rcp26_r1i1p1"
"84","MIROC-ESM-CHEM_rcp85_r1i1p1"
"85","MIROC-ESM-CHEM_rcp60_r1i1p1"
"86","MIROC-ESM-CHEM_rcp45_r1i1p1"
"87","MIROC-ESM-CHEM_rcp26_r1i1p1"
"88","MIROC-ESM_rcp85_r1i1p1"
"89","MIROC-ESM_rcp60_r1i1p1"
"90","MIROC-ESM_rcp45_r1i1p1"
"91","MIROC-ESM_rcp26_r1i1p1"
"92","IPSL-CM5A-MR_rcp85_r1i1p1"
"93","IPSL-CM5A-MR_rcp60_r1i1p1"
"94","IPSL-CM5A-MR_rcp45_r1i1p1"
"95","IPSL-CM5A-MR_rcp26_r1i1p1"
"96","IPSL-CM5A-LR_rcp85_r1i1p1"
"97","IPSL-CM5A-LR_rcp60_r1i1p1"
"98","IPSL-CM5A-LR_rcp45_r1i1p1"
"99","IPSL-CM5A-LR_rcp26_r1i1p1"
"100","inmcm4_rcp85_r1i1p1"
"101","inmcm4_rcp45_r1i1p1"
"102","GFDL-ESM2M_rcp85_r1i1p1"
"103","GFDL-ESM2M_rcp60_r1i1p1"
"104","GFDL-ESM2M_rcp45_r1i1p1"
"105","GFDL-ESM2M_rcp26_r1i1p1"
"106","GFDL-ESM2G_rcp85_r1i1p1"
"107","GFDL-ESM2G_rcp60_r1i1p1"
"108","GFDL-ESM2G_rcp45_r1i1p1"
"109","GFDL-ESM2G_rcp26_r1i1p1"
"110","GFDL-CM3_rcp85_r1i1p1"
"111","GFDL-CM3_rcp60_r1i1p1"
"112","GFDL-CM3_rcp26_r1i1p1"
"113","CSIRO-Mk3-6-0_rcp85_r1i1p1"
"114","CSIRO-Mk3-6-0_rcp45_r1i1p1"
"115","CSIRO-Mk3-6-0_rcp26_r1i1p1"
"116","CNRM-CM5_rcp85_r1i1p1"
"117","CNRM-CM5_rcp45_r1i1p1"
"118","CESM1-BGC_rcp85_r1i1p1"
"119","CESM1-BGC_rcp45_r1i1p1"
"120","CCSM4_rcp85_r1i1p1"
"121","CCSM4_rcp60_r1i1p1"
"122","CCSM4_rcp45_r1i1p1"
"123","CCSM4_rcp26_r1i1p1"
"124","CanESM2_rcp85_r1i1p1"
"125","CanESM2_rcp45_r1i1p1"
"126","CanESM2_rcp26_r1i1p1"
"127","BNU-ESM_rcp85_r1i1p1"
"128","BNU-ESM_rcp45_r1i1p1"
"129","bcc-csm1-1_rcp85_r1i1p1"
"130","bcc-csm1-1_rcp60_r1i1p1"
"131","bcc-csm1-1_rcp45_r1i1p1"
"132","bcc-csm1-1_rcp26_r1i1p1"
"133","ACCESS1-0_rcp85_r1i1p1"
"134","ACCESS1-0_rcp45_r1i1p1"
